threshold,f1,precision,recall,fpr,tp,fp,tn,fn
0.05,0.7121951219512195,0.5615384615384615,0.9733333333333334,0.76,219,171,54,6
0.06,0.7140495867768595,0.5684210526315789,0.96,0.7288888888888889,216,164,61,9
0.07,0.7171717171717171,0.5772357723577236,0.9466666666666667,0.6933333333333334,213,156,69,12
0.08,0.7111111111111111,0.5777777777777777,0.9244444444444444,0.6755555555555556,208,152,73,17
0.09,0.7137931034482758,0.5830985915492958,0.92,0.6577777777777778,207,148,77,18
0.1,0.721830985915493,0.597667638483965,0.9111111111111111,0.6133333333333333,205,138,87,20
0.11,0.7188612099644128,0.599406528189911,0.8977777777777778,0.6,202,135,90,23
0.12,0.7243243243243244,0.6090909090909091,0.8933333333333333,0.5733333333333334,201,129,96,24
0.13,0.7339449541284404,0.625,0.8888888888888888,0.5333333333333333,200,120,105,25
0.14,0.738404452690167,0.6337579617834395,0.8844444444444445,0.5111111111111111,199,115,110,26
0.15,0.7425373134328358,0.639871382636656,0.8844444444444445,0.49777777777777776,199,112,113,26
0.16,0.7481203007518797,0.6482084690553745,0.8844444444444445,0.48,199,108,117,26
0.17,0.7471698113207547,0.6491803278688525,0.88,0.47555555555555556,198,107,118,27
0.18,0.7448015122873346,0.6480263157894737,0.8755555555555555,0.47555555555555556,197,107,118,28
0.19,0.7533460803059273,0.6610738255033557,0.8755555555555555,0.4488888888888889,197,101,124,28
0.2,0.7620889748549323,0.6746575342465754,0.8755555555555555,0.4222222222222222,197,95,130,28
0.21,0.7596899224806202,0.6735395189003437,0.8711111111111111,0.4222222222222222,196,95,130,29
0.22,0.7587548638132295,0.6747404844290658,0.8666666666666667,0.4177777777777778,195,94,131,30
0.23,0.7602339181286549,0.6770833333333334,0.8666666666666667,0.41333333333333333,195,93,132,30
0.24,0.7632093933463796,0.6818181818181818,0.8666666666666667,0.40444444444444444,195,91,134,30
0.25,0.7662082514734774,0.6866197183098591,0.8666666666666667,0.39555555555555555,195,89,136,30
0.26,0.7662082514734774,0.6866197183098591,0.8666666666666667,0.39555555555555555,195,89,136,30
0.27,0.7677165354330708,0.6890459363957597,0.8666666666666667,0.39111111111111113,195,88,137,30
0.28,0.766798418972332,0.6903914590747331,0.8622222222222222,0.38666666666666666,194,87,138,31
0.29,0.7698412698412699,0.6953405017921147,0.8622222222222222,0.37777777777777777,194,85,140,31
0.3,0.7698412698412699,0.6953405017921147,0.8622222222222222,0.37777777777777777,194,85,140,31
0.31,0.7689243027888446,0.6967509025270758,0.8577777777777778,0.37333333333333335,193,84,141,32
0.32,0.764,0.6945454545454546,0.8488888888888889,0.37333333333333335,191,84,141,34
0.33,0.7630522088353414,0.6959706959706959,0.8444444444444444,0.3688888888888889,190,83,142,35
0.34,0.7661290322580645,0.7011070110701108,0.8444444444444444,0.36,190,81,144,35
0.35,0.7667342799188641,0.7052238805970149,0.84,0.3511111111111111,189,79,146,36
0.36,0.7642276422764228,0.704119850187266,0.8355555555555556,0.3511111111111111,188,79,146,37
0.37,0.7657841140529531,0.706766917293233,0.8355555555555556,0.3466666666666667,188,78,147,37
0.38,0.7648261758691206,0.7083333333333334,0.8311111111111111,0.3422222222222222,187,77,148,38
0.39,0.7654320987654321,0.7126436781609196,0.8266666666666667,0.3333333333333333,186,75,150,39
0.4,0.7660455486542443,0.7170542635658915,0.8222222222222222,0.3244444444444444,185,73,152,40
0.41,0.7692307692307693,0.72265625,0.8222222222222222,0.31555555555555553,185,71,154,40
0.42,0.7708333333333334,0.7254901960784313,0.8222222222222222,0.3111111111111111,185,70,155,40
0.43,0.773109243697479,0.7330677290836654,0.8177777777777778,0.29777777777777775,184,67,158,41
0.44,0.7747368421052632,0.736,0.8177777777777778,0.29333333333333333,184,66,159,41
0.45,0.7718550106609808,0.7418032786885246,0.8044444444444444,0.28,181,63,162,44
0.46,0.7718550106609808,0.7418032786885246,0.8044444444444444,0.28,181,63,162,44
0.47,0.7708779443254818,0.743801652892562,0.8,0.27555555555555555,180,62,163,45
0.48,0.7672413793103449,0.7447698744769874,0.7911111111111111,0.27111111111111114,178,61,164,47
0.49,0.7662337662337663,0.7468354430379747,0.7866666666666666,0.26666666666666666,177,60,165,48
0.5,0.7662337662337663,0.7468354430379747,0.7866666666666666,0.26666666666666666,177,60,165,48
0.51,0.7581699346405228,0.7435897435897436,0.7733333333333333,0.26666666666666666,174,60,165,51
0.52,0.7516483516483516,0.7434782608695653,0.76,0.26222222222222225,171,59,166,54
0.53,0.748898678414097,0.74235807860262,0.7555555555555555,0.26222222222222225,170,59,166,55
0.54,0.7466666666666667,0.7466666666666667,0.7466666666666667,0.25333333333333335,168,57,168,57
0.55,0.7438752783964365,0.7455357142857143,0.7422222222222222,0.25333333333333335,167,57,168,58
0.56,0.7410714285714286,0.7443946188340808,0.7377777777777778,0.25333333333333335,166,57,168,59
0.57,0.7342342342342343,0.7442922374429224,0.7244444444444444,0.24888888888888888,163,56,169,62
0.58,0.7358916478555305,0.7477064220183486,0.7244444444444444,0.24444444444444444,163,55,170,62
0.59,0.7318181818181818,0.7488372093023256,0.7155555555555555,0.24,161,54,171,64
0.6,0.7322654462242563,0.7547169811320755,0.7111111111111111,0.2311111111111111,160,52,173,65
0.61,0.7264367816091954,0.7523809523809524,0.7022222222222222,0.2311111111111111,158,52,173,67
0.62,0.728110599078341,0.7559808612440191,0.7022222222222222,0.22666666666666666,158,51,174,67
0.63,0.7297921478060047,0.7596153846153846,0.7022222222222222,0.2222222222222222,158,50,175,67
0.64,0.7272727272727273,0.7647058823529411,0.6933333333333334,0.21333333333333335,156,48,177,69
0.65,0.7259953161592506,0.7673267326732673,0.6888888888888889,0.2088888888888889,155,47,178,70
0.66,0.7230046948356808,0.7661691542288557,0.6844444444444444,0.2088888888888889,154,47,178,71
0.67,0.7216981132075472,0.7688442211055276,0.68,0.20444444444444446,153,46,179,72
0.68,0.7203791469194313,0.7715736040609137,0.6755555555555556,0.2,152,45,180,73
0.69,0.7220902612826603,0.7755102040816326,0.6755555555555556,0.19555555555555557,152,44,181,73
0.7,0.7177033492822966,0.7772020725388601,0.6666666666666666,0.19111111111111112,150,43,182,75
0.71,0.7053140096618358,0.7724867724867724,0.6488888888888888,0.19111111111111112,146,43,182,79
0.72,0.7055961070559611,0.7795698924731183,0.6444444444444445,0.18222222222222223,145,41,184,80
0.73,0.7009803921568627,0.7814207650273224,0.6355555555555555,0.17777777777777778,143,40,185,82
0.74,0.6882793017456359,0.7840909090909091,0.6133333333333333,0.1688888888888889,138,38,187,87
0.75,0.6882793017456359,0.7840909090909091,0.6133333333333333,0.1688888888888889,138,38,187,87
0.76,0.6867167919799498,0.7873563218390804,0.6088888888888889,0.16444444444444445,137,37,188,88
0.77,0.6784810126582278,0.788235294117647,0.5955555555555555,0.16,134,36,189,91
0.78,0.6836734693877551,0.8023952095808383,0.5955555555555555,0.14666666666666667,134,33,192,91
0.79,0.6752577319587629,0.803680981595092,0.5822222222222222,0.14222222222222222,131,32,193,94
0.8,0.6787564766839378,0.8136645962732919,0.5822222222222222,0.13333333333333333,131,30,195,94
0.81,0.6649076517150396,0.8181818181818182,0.56,0.12444444444444444,126,28,197,99
0.82,0.6649076517150396,0.8181818181818182,0.56,0.12444444444444444,126,28,197,99
0.83,0.6684350132625995,0.8289473684210527,0.56,0.11555555555555555,126,26,199,99
0.84,0.6559139784946236,0.8299319727891157,0.5422222222222223,0.1111111111111111,122,25,200,103
0.85,0.6356164383561644,0.8285714285714286,0.5155555555555555,0.10666666666666667,116,24,201,109
0.86,0.6298342541436464,0.8321167883211679,0.5066666666666667,0.10222222222222223,114,23,202,111
0.87,0.6201117318435754,0.8345864661654135,0.49333333333333335,0.09777777777777778,111,22,203,114
0.88,0.615819209039548,0.8449612403100775,0.48444444444444446,0.08888888888888889,109,20,205,116
0.89,0.603448275862069,0.8536585365853658,0.4666666666666667,0.08,105,18,207,120
0.9,0.5872093023255814,0.8487394957983193,0.4488888888888889,0.08,101,18,207,124
0.91,0.5806451612903226,0.853448275862069,0.44,0.07555555555555556,99,17,208,126
0.92,0.572289156626506,0.8878504672897196,0.4222222222222222,0.05333333333333334,95,12,213,130
0.93,0.5565749235474006,0.8921568627450981,0.40444444444444444,0.04888888888888889,91,11,214,134
0.94,0.5063291139240507,0.8791208791208791,0.35555555555555557,0.04888888888888889,80,11,214,145
0.95,0.46405228758169936,0.8765432098765432,0.31555555555555553,0.044444444444444446,71,10,215,154
